{"cameraMode":{"drawMode":0,"name":"Shaded","section":"Shading Mode"},"sceneLighting":false,"audioPlay":false,"sceneViewState":{"m_AlwaysRefresh":false,"showFog":true,"showSkybox":false,"showFlares":true,"showImageEffects":true,"showParticleSystems":true,"showVisualEffectGraphs":true,"m_FxEnabled":true},"in2DMode":false,"pivot":{"x":-14.795207977294922,"y":14.611048698425293,"z":9.62049388885498},"rotation":{"x":0.0020386315882205965,"y":-0.9978712201118469,"z":0.05243648588657379,"w":0.03891788050532341},"size":9.813643455505371,"orthographic":false}