{"cameraMode":{"drawMode":0,"name":"Shaded","section":"Shading Mode"},"sceneLighting":true,"audioPlay":false,"sceneViewState":{"m_AlwaysRefresh":false,"showFog":true,"showSkybox":false,"showFlares":true,"showImageEffects":true,"showParticleSystems":true,"showVisualEffectGraphs":true,"m_FxEnabled":true},"in2DMode":false,"pivot":{"x":-0.032135963439941409,"y":0.49762630462646487,"z":0.8350627422332764},"rotation":{"x":-0.049554310739040378,"y":0.9171207547187805,"z":-0.12065727263689041,"w":-0.3766644299030304},"size":4.9288201332092289,"orthographic":false}