{"cameraMode":{"drawMode":0,"name":"Shaded","section":"Shading Mode"},"sceneLighting":false,"audioPlay":false,"sceneViewState":{"m_AlwaysRefresh":false,"showFog":true,"showSkybox":false,"showFlares":true,"showImageEffects":true,"showParticleSystems":true,"showVisualEffectGraphs":true,"m_FxEnabled":true},"in2DMode":false,"pivot":{"x":13.445505142211914,"y":4.519309997558594,"z":-12.855201721191407},"rotation":{"x":0.22294774651527406,"y":-0.6378384828567505,"z":0.20046266913414002,"w":0.7094257473945618},"size":15.448009490966797,"orthographic":false}